ego_id,timestep,x_position,y_position,orientation,velocity,acceleration,lanelet_id,goal_lanelet_id,time_horizon
20151,0,28.9958,103.068,-1.9261954416155849,12.8552,-3.5338,2039,,100.0
20151,1,28.5392,101.8378,-1.9261954416155849,11.9228,-5.6969,2039,,100.0
20151,2,28.1068,100.6729,-1.9262231264797869,10.6137,-7.3008,2039,,100.0
20151,3,27.7137,99.614,-1.9262614808937217,9.7631,-4.8055,2039,,100.0
20151,4,27.3585,98.6571,-1.926230159619886,8.7113,-5.6633,2039,,100.0
20151,5,27.0365,97.7897,-1.926252735051844,7.5176,-6.2236,2039,,100.0
20151,6,26.7538,97.0282,-1.9262673447707708,6.8282,-3.7516,2039,,100.0
20151,7,26.5038,96.3547,-1.9262271593695695,6.0293,-4.2069,2039,,100.0
