ego_id,timestep,x_position,y_position,orientation,velocity,acceleration,lanelet_id,goal_lanelet_id,time_horizon
20042,0,-58.0228,29.5296,2.851419625283323,8.6208,-2.4056,117,,150.0
20042,1,-58.8664,29.7815,2.851419625283323,7.9897,-3.8429,117,,150.0
20042,2,-59.6645,30.0197,2.85155036665558,7.1085,-4.9073,117,,150.0
20042,3,-60.3896,30.2361,2.8515662016720973,6.5374,-3.2242,117,,150.0
20042,4,-61.0446,30.4316,2.851537105304744,5.8321,-3.7961,117,,150.0
